sku,name,brand,category,description
P-1001,Apple iPhone 15 Pro 128GB,Apple,Smartphone,Black titanium unlocked smartphone
P-1002,iPhone 15 Pro 128 GB,Apple,Phones,Unlocked black titanium phone
P-2001,Samsung Galaxy S24 Ultra 256GB,Samsung,Smartphone,Titanium gray Android smartphone
P-2002,Galaxy S24 Ultra 256 GB,Samsung,Phones,Gray Android phone
P-3001,Dell XPS 13 Laptop 16GB RAM,Dell,Laptop,13 inch laptop with 16GB memory
P-3002,Dell XPS13 16 GB,Dell,Computers,Compact 13 inch laptop
P-4001,Sony WH-1000XM5 Headphones,Sony,Audio,Wireless noise cancelling headphones
P-4002,Sony WH1000XM5 Wireless Headphones,Sony,Audio,Noise canceling wireless headset

